כביש,קטע,"ק""מ מ-",שם מ-,"ק""מ עד",שם עד,"ק""מ הצבה",הצבה,X של מקום ההצבה,Y של מקום ההצבה
1,52,18.9,מחלף בן שמן,25,מחלף ענבה,23.1,בקילומטר העשרים ושלוש,193645,647061
1,56,25,מחלף ענבה,33.6,מחלף לטרון,26,גלאי קבוע,,
1,872,64,כניסה לדרך האלוף עוזי נרקיס,74.7,מחלף אדומים,70.3,"5.69 ק""מ מדר' מעלה אדומים שד' משה",225579,632400
2,52,43.8,מחלף נתניה,51,מחלף ינאי,49.4,"1.63 ק""מ ממחלף ינאי",187331,697092
2,70,61.7,מחלף קיסריה,75.5,מחלף זכרון יעקב,68.2,"6.53 ק""מ ממחלף קיסריה",192262,714572
2,80,75.5,מחלף זכרון יעקב,89.5,מחלף עתלית,89.2,300 מטר ממחלף עתלית,195812,734653
3,10,227.8,צומת אבא הלל,231.9,צומת הודיה,228.3,"0.52 ק""מ מצומת אבא הילל",163499,620665
3,14,231.9,צומת הודיה,242.4,צומת טוביה,232.7,"0.74 ק""מ מצומת הודייה",167796,621572
3,20,242.4,צומת טוביה,243.8,צומת מלאכי (קסטינה),242.9,"0.54 ק""מ מצומת טוביה",176575,626404
3,30,243.8,צומת מלאכי (קסטינה),248,צומת ראם (מסמייה),245.5,"1.72 ק""מ מצומת קסטינה",178161,628162
3,40,248,צומת ראם (מסמייה),254.4,מחלף שורק,261.7,"13.72 ק""מ מצומת ראם",180519,630108
3,45,254.4,מחלף שורק,262.9,צומת נחשון (הגבורה),262.5,400 מטר מצומת נחשון,192048,635791
3,50,262.9,צומת נחשון (הגבורה),269.3,צומת חטיבה שבע,263.1,"0.18 ק""מ מצומת נחשון",192362,636013
3,58,269.3,צומת חטיבה שבע,271.7,מחלף לטרון,269.8,"0.47 ק""מ מצומת חטיבת שבע",198423,638214
3,60,271.7,מחלף לטרון,275,כניסה למודיעין מכבים רעות דרום,272,"0.29 ק""מ ממחלף לטרון",199137,638575
3,810,275,כניסה למודיעין מכבים רעות דרום,282.1,צומת בית חורון,275.2,0.2 מכניסה למודיעין דרום,200829,640310
4,10,51.1,צומת חבל עזה,55,צומת יד מרדכי,54.7,"0.3 ק""מ מצומת יד מרדכי",158346,610499
4,20,55,צומת יד מרדכי,63.7,צומת אשקלון,63.5,כמאתיים מטר ממסעף אשקלון,158713,611076
4,22,63.7,צומת אשקלון,64.6,צומת ברכיה,64.5,"0.2 ק""מ מצומת ברכיה",162755,619281
4,30,64.6,צומת ברכיה,65.8,צומת אבא הלל,65.6,"0.2 ק""מ מצומת אבא הלל",162947,620275
4,40,65.8,צומת אבא הלל,72,צומת אשכולות,69.4,"3.61 ק""מ מצומת אבא הלל",164261,623806
4,50,72,צומת אשכולות,78,כניסה לאשדוד (דרום),73.1,כמאה מטר מצומת אשכולות,165780,626364
4,54,78,כניסה לאשדוד (דרום),85.6,מחלף אשדוד,81.7,"3.74 ק""מ מכניסה לאשדוד (דרום)",170417,634415
4,158,131.7,מחלף רעננה - צפון (צפ`),139.2,מחלף דרור,138.8,"0.38 ק""מ מצומת דרור",189906,684530
4,160,139.2,מחלף דרור,146.6,צומת השרון,139.5,"0.27 ק""מ מצומת דרור",190047,685204
4,170,146.6,צומת השרון,154.5,"צומת הרא""ה",147,"0.37 ק""מ מצומת השרון",191274,692676
4,180,154.5,"צומת הרא""ה",159.5,צומת חדרה,154.7,"ליד אבן ק""מ 951",191125,700266
4,190,159.5,צומת חדרה,161.4,צומת חרושת,161.1,"1.62 ק""מ מצומת חדרה",191597,706543
4,200,161.4,צומת חרושת,162.7,צומת נחל חדרה,161.7,"0.33 ק""מ מצומת חרושת",191592,707188
4,210,162.7,צומת נחל חדרה,167.1,צומת אור עקיבא,166.9,כמאתיים מטר מצומת אור עקיבא,193261,711211
4,218,167.1,צומת אור עקיבא,168.7,צומת בנימינה,168.6,כמאה מטר מצומת בנימינה,193580,712064
4,220,168.7,צומת בנימינה,177.4,צומת פוריידיס,168.8,כמאה מטר מצומת בנימינה,193594,715383
4,240,190.8,צומת עתלית,195,כניסה לטירת כרמל (דרום),191.4,"0.63 ק""מ מצומת עתלית",197429,735797
4,282,230.3,צומת עכו (מזרח),234.5,צומת שמרת,231.3,"1.06 ק""מ מצות עכו (מזרח)",209437,759257
4,290,234.5,צומת שמרת,240.3,צומת נהרייה,235,כשלוש מאות מטר מהמסעף,208856,762053
4,300,240.3,צומת נהרייה,244.4,כניסה לחוף אכזיב,244.2,"3.91 ק""מ מצומת נהרייה",210313,771709
4,302,244.4,כניסה לחוף אכזיב,248.4,צומת בצת,248.3,"0.08 ק""מ מצומת בצת",211129,775338
4,310,248.4,צומת בצת,250.6,צומת,248.6,כמאתיים מטר מצומת בצת,211166,775716
5,50,13.8,מחלף קסם,16,כניסה לראש העין (מערב),13.9,כמאה מטר מצומת קסם,195336,668935
5,60,16,כניסה לראש העין (מערב),19.7,מחלף שער שומרון,17.1,"1.12 ק""מ מכניסה לראש העין (מערב)",197460,667679
5,810,19.7,מחלף שער שומרון,36.8,צומת אריאל,21,"1.32 ק""מ ממחלף שער שומרון",201224,668302
6,10,100,מחלף שורק,115,מחלף נשרים,114,נתונים מגלאי,,
6,20,115,מחלף נשרים,122,מחלף בן שמן - ב',119,נתונים מגלאי,,
6,30,122,מחלף בן שמן - ב',136,מחלף נחשונים,136,נתונים מגלאי,,
6,40,136,מחלף נחשונים,142,מחלף קסם,142,נתונים מגלאי,,
6,50,142,מחלף קסם,145,מחלף חורשים,142,נתונים מגלאי,,
6,60,145,מחלף חורשים,153,מחלף אייל,145,נתונים מגלאי,,
6,70,153,מחלף אייל,166,מחלף ניצני עוז,166,נתונים מגלאי,,
6,80,166,מחלף ניצני עוז,177,מחלף באקה-ג`ת,177,נתונים מגלאי,,
6,90,177,מחלף באקה-ג`ת,185,מחלף עירון,185,נתונים מגלאי,,
6,100,185,מחלף עירון,201,כניסה לעין תות,185,נתונים מגלאי,,
9,10,2.2,צומת יער חדרה,5.5,מחלף חדרה דרום,23,ליד צומת יער חדרה,191352,701751
9,20,5.5,מחלף חדרה דרום,12.7,צומת חביבה,10,ליד צומת חביבה,199564,702107
20,12,13.2,מחלף קיבוץ גלויות,14.4,מחלף לה-גרדיה,13.5,נתונים מגלאי,,
20,13,14.4,מחלף לה-גרדיה,16.1,מחלף השלום,15,נתונים מגלאי,,
20,14,16.1,מחלף השלום,17,מחלף הרכבת,17,נתונים מגלאי,,
20,17,19.5,מחלף רוקח,21.6,"מחלף קק""ל",21,נתונים מגלאי,,
25,10,106.5,צומת הערבה,142.4,צומת דימונה,107,ליד צומת הערבה,202458,551938
25,30,184,צומת עולים,194,צומת הנשיא,193.8,כמאתיים מטר מצומת הנשיא,171540,581897
25,40,194,צומת הנשיא,198.7,צומת גילת,194.1,כמאה מטר מצומת הנשיא,171223,582247
25,50,198.7,צומת גילת,209,צומת הגדי,199,"0.34 ק""מ מצומת גילת",166945,583224
25,58,209,צומת הגדי,210.7,צומת נתיבות,210,"1.02 ק""מ מצומת הגדי",162178,592555
25,60,210.7,צומת נתיבות,218.9,צומת סעד,214.2,"3.53 ק""מ מצומת נתיבות",159230,595074
25,70,218.9,צומת סעד,223,מחסום נחל עוז,219.1,"0.16 ק""מ מצומת סעד",155033,597942
31,10,2.9,צומת להבים,6.1,מחלף להבים,3.3,"0.41 ק""מ מצומת להבים",180746,586823
34,20,9.1,צומת שער הנגב,18.8,צומת יד מרדכי,18.7,כמאתיים מטר מצומת מרדכי,158999,610548
35,10,0,צומת ברכיה,5.6,צומת גבעתי,0.2,כמאתיים מטר מצומת ברכיה,164624,619211
35,20,5.6,צומת גבעתי,15.9,צומת פלוגות,5.7,כמאה מטר מצומת גבעתי,168303,617949
35,30,15.9,צומת פלוגות,17.2,כניסה לקריית גת,17.1,קרוב לכניסה לקרית גת,177812,614481
35,32,17.2,כניסה לקריית גת,18.5,צומת קריית גת (צפון),18.3,בין שדרות לכיש קרית גת ומסילת הברזל קרית גת,178261,614253
35,40,18.5,צומת קריית גת (צפון),32.5,צומת נחושה,23.2,"4.69 ק""מ מצומת קריית גת (צפון)",183163,611336
38,10,0,צומת נחושה,10,צומת האלה,9.3,"0.61 ק""מ מצומת האלה",195016,621101
38,20,10,צומת האלה,15,כניסה לרמת בית שמש (דרום),10.3,"0.29 ק""מ מצומת האלה",194844,621968
38,30,19.6,צומת צרעה,22.9,צומת שמשון,22.3,"2.69 ק""מ מצומת צרעה",200217,631003
38,40,22.9,צומת שמשון,28.1,מחלף שער הגיא,23.9,"0.97 ק""מ מצומת שמשון",201431,632189
40,37,181.8,צומת תל שבע,193.3,צומת גורל,190,200 מטר מצומת גורל,180306,579927
40,39,193.3,צומת גורל,200.1,צומת להבים,194.5,"1.48 ק""מ מצומת גורל",179782,580458
40,50,208.6,מחלף קמה,230.7,צומת פלוגות,230.3,"0.15 ק""מ מצומת פלוגות",176926,614844
40,60,230.7,צומת פלוגות,243.8,צומת מלאכי (קסטינה),242,"1.57 ק""מ מצומת קסטינה",176786,625447
40,70,248,צומת ראם (מסמייה),253.5,מחלף גדרה,252.7,"0.74 ק""מ מצומת גדרה",177826,633990
40,72,253.5,מחלף גדרה,255.2,כניסה לגדרה,254.4,"0.97 ק""מ מצומת גדרה",178159,635578
40,80,255.2,כניסה לגדרה,257.6,צומת תל נוף,257.3,"2.16 ק""מ מכניסה לגדרה",179514,637967
40,90,257.6,צומת תל נוף,262.8,"צומת ביל""ו",260.5,"2.92 ק""מ מצומת תל נוף",181529,640434
40,100,262.8,"צומת ביל""ו",270,מחלף רמלה דרום,265.2,"2.44 ק""מ מצומת ביל""ו",184463,643888
40,102,270,מחלף רמלה דרום,275.3,צומת גינתון,275,כמאה מטר מצומת גינתון לכיוון רמלה,191415,651172
40,110,275.3,צומת גינתון,277.9,מחלף לוד,275.4,כמאה מטר ממחלף לוד לכיוון רמלה,191069,652330
40,120,277.9,מחלף לוד,279.5,"כניסה לנתב""ג",279.4,"0.53 ק""מ ממחלף לוד",191159,654372
40,130,279.5,"כניסה לנתב""ג",282.1,צומת תעשייה אווירית,281,"1.00 ק""מ מכניסה לנתב""ג",191263,656305
40,140,282.1,צומת תעשייה אווירית,283.4,צומת הטייסים,281.3,כמאתיים מטר מצומת בדקש לכיוון פתח תקוה,191359,657592
40,150,283.4,צומת הטייסים,289.8,צומת סירקין,284.6,"0.22 ק""מ מצומת הטייסים",191449,659286
40,152,289.8,צומת סירקין,291.4,צומת גנים,291.3,"0.27 ק""מ מצומת סירקין",190889,665803
40,170,292.1,צומת סגולה,294,מחלף ירקון,293.6,"0.29 ק""מ מצומת סגולה",190670,667974
40,182,294,מחלף ירקון,296.4,צומת עדנים,294.5,"0.51 ק""מ ממחלף ירקון",191129,670327
40,192,296.4,צומת עדנים,301.5,צומת כפר סבא רח' וייצמן,296.5,"0.20 ק""מ מצומת עדנים",191129,670780
41,10,1.9,צומת נמל אשדוד,5,מחלף אשדוד,3.4,"1.53 ק""מ מצומת נמל אשדוד",170461,637588
42,6,84.3,צומת בני דרום דרומי,85.5,מחלף בני דרום,84.7,"0.43 ק""מ מצומת גן דרום",172157,636560
42,10,85.5,מחלף בני דרום,88.8,צומת בן זכאי,86.9,"1.4 ק""מ מצומת בני דרום",173412,638468
42,20,88.8,צומת בן זכאי,92.8,צומת יבנה (צפון),88.7,"0.25 ק""מ מצומת בן זכאי",174341,639705
42,22,92.8,צומת יבנה (צפון),98.3,צומת בית עובד,93.5,"0.5 ק""מ מצומת יבנה (צפון)",176694,643373
42,26,98.3,צומת בית עובד,102.4,מחלף עין הקורא,101,2.74 מצומת בית עובד,179411,650172
42,30,102.4,מחלף עין הקורא,103.5,מחלף גן רווה,103.3,כמאה מטר ממחלף גן רווה,,
44,10,0,צומת שמשון,10.3,צומת נחשון (הגבורה),7.8,2.44 מצומת נחשון,194542,635270
44,20,10.3,צומת נחשון (הגבורה),22.5,צומת גזר,19.6,"2.86 ק""מ מצומת גזר",189523,644507
44,30,22.5,צומת גזר,23.5,מחלף רמלוד,22.6,כמאה מטר מצומת איילון,189296,647409
44,32,23.5,מחלף רמלוד,24.5,צומת מעשייהו (תעבורה),23.8,"0.27 ק""מ ממחלף רמלוד",188866,648277
44,40,24.5,צומת מעשייהו (תעבורה),26.1,צומת רמלה - צפון,25.2,"0.65 ק""מ מצומת מעשייהו",188038,649346
44,50,26.1,צומת רמלה - צפון,30,צומת צריפין,26.5,"0.42 ק""מ מצומת רמלה - צפון",187120,650113
44,60,30,צומת צריפין,34.1,צומת בית דגן,31,"1.01 ק""מ מצומת צריפין",184750,653951
45,810,24.1,צומת מחנה עופר,27.5,צומת עטרות,25.1,"1 ק""מ מצומת גבעת זאב",217895,641596
46,10,0,צומת אל על,3.4,צומת ברקת,2.5,בין  צומת ברקת וצומת אל על,192212,657296
55,10,4.9,צומת כפר סבא רח' וייצמן,6,צומת נווה ימין (מערב),5.4,"0.52 ק""מ מצומת כפר סבא רח' וייצמן",193919,675650
55,20,6,צומת נווה ימין (מערב),7,צומת כפר סבא (מזרח),6.2,"0.17 ק""מ מצומת נווה ימין (מערב)",194832,676139
55,30,7,צומת כפר סבא (מזרח),7.8,צומת לאלפי מנשה,6.5,"0.09 ק""מ מצומת כפר סבא (מזרח)",195221,676073
55,810,7.8,צומת לאלפי מנשה,39.6,יישוב שכם,12,במחסום,199889,676700
57,10,0,מחלף נתניה,0.7,כניסה לא' תעשייה נתניה,0.3,"0.25 ק""מ ממחלף נתניה",187968,692366
57,20,0.7,כניסה לא' תעשייה נתניה,3.5,צומת השרון,1,"0.17 ק""מ מצומת השרון",190908,692241
57,30,3.5,צומת השרון,8.6,צומת ינוב,3.7,כמאתיים מטר מצומת השרון,191886,692120
57,38,8.6,צומת ינוב,12.6,צומת ניצני עוז,12.5,כמאה מטר מצומת נצנה עוז,196767,691161
57,40,12.6,צומת ניצני עוז,14.2,מחלף ניצני עוז,12.7,כמאה מטר מצומת ניצני עז,200318,690907
60,10,3.8,צומת חטיבת הנגב,5.6,כניסה לעומר,3.8,"0.88 ק""מ מכניסה לעומר",183428,574028
60,12,5.6,כניסה לעומר,12.8,צומת שוקת,12.3,"0.52 ק""מ מצומת שוקת",190250,579240
60,20,12.8,צומת שוקת,18.2,צומת לאל-זהרייה (דרום),13.2,"0.40 ק""מ מצומת שוקת",190945,579822
60,30,198.1,כניסה למוקייבלה,203.3,צומת יזרעאל,202.7,"4.67 ק""מ מכניסה למוקייבלה",230158,717696
60,34,203.3,צומת יזרעאל,209.7,"יישוב עפולה (לת""א)",203.6,"0.31 ק""מ מצומת יזרעאל",230094,718459
60,40,210.8,יישוב עפולה (לנצרת),215.5,צומת עדשים,215.4,כמאה מטר מצומת עדשים,227685,728780
60,50,215.5,צומת עדשים,221.2,צומת נצרת (דרום),215.8,כשלוש מאות מטר מצומת עדשים,227778,729577
60,823,69.9,צומת אל-חדר,75,צומת בית לחם (דרום),71.5,ליד גילה,219190,626408
65,30,6.1,צומת חדרה (מזרח),7.3,צומת אלון (שמורת אלון),6.4,"0.29 ק""מ מצומת חדרה (מזרח)",195911,705903
65,40,7.3,צומת אלון (שמורת אלון),9.9,צומת חנה,7.6,"0.35 ק""מ מצומת אלון",196917,706298
65,50,9.9,צומת חנה,10.8,צומת מנשה,10.2,"0.27 ק""מ מצומת חנה",199235,707373
65,60,10.8,צומת מנשה,14.5,צומת משמר הגבול,11.1,"0.30 ק""מ מצומת מנשה",199857,708061
65,62,14.5,צומת משמר הגבול,27.9,כניסה לאום אל-פחם,14.7,"0.16 ק""מ מצומת משמר הגבול",202796,709709
65,78,34.2,צומת מגידו,39.1,צומת הסרגל (תענכים),34.3,כמאה מטר מצומת מגידו,218466,719908
65,80,39.1,צומת הסרגל (תענכים),45,כניסה לעפולה (צפון),39.2,כמאה מטר מצומת הסרגל,224410,722645
65,90,45.1,יישוב עפולה (לבריכת שמואל),48.2,כניסה לגבעת המורה,48,"ע""י אבן קמ' 48 ע""י בית החולים העמק עפולה",228622,724674
65,100,60.6,צומת כפר תבור,70.5,מחלף גולני,69.2,"1.3 ק""מ מצומת גולני",238777,740988
66,10,15,כניסה לסאלם,18.8,צומת מגידו,18.3,"0.49 ק""מ מצומת מגידו",218606,719452
70,10,10,מחלף זכרון יעקב,12,צומת פוריידיס,11.9,כמאה מטר ממחלף פרדיס,195055,722069
70,20,12,צומת פוריידיס,14.6,צומת שפיה,12.1,כמאה מטר ממחלף פרדיס,196985,721055
70,30,14.6,צומת שפיה,26.9,מחלף אליקים,14.6,כמאתיים מטר מהכניסה לזכרון יעקב,197388,720914
70,40,26.9,מחלף אליקים,31.7,כניסה ליקנעם עילית (מערב),29.5,"2.56 ק""מ מצומת אליקים",208247,728355
70,48,32.5,צומת יקנעם,33.1,צומת התשבי,33,"0.47 ק""מ מצומת יקנעם",210447,730680
70,70,43.1,מחלף יגור,46.3,צומת זבולון,44,"0.85 ק""מ מצומת יגור",207738,740349
70,80,46.3,צומת זבולון,53,מחלף סומך,46.4,כמאתיים מטר צומת זבולון,210131,741471
70,90,53,מחלף סומך,54.4,צומת אבליים,54.4,כמאה מטר מצומת סומך,214447,747255
70,100,54.4,צומת אבליים,63.3,צומת יבור,61,"בק""מ 61",217413,755200
70,110,63.3,צומת יבור,66.1,צומת אחיהוד,65.9,כמאה מטר מצומת אחיהוד,216088,756893
70,130,78.7,צומת כברי,85.4,צומת חניתה,79.3,"0.57 ק""מ מצומת כברי",213649,769548
71,1,17,יישוב עפולה (לבית שאן),18,צומת מרחביה,17.9,"0.11 ק""מ מצומת מרחביה",228616,723661
71,10,24.9,צומת נבות,31.2,צומת השיטה,31,"1.42 ק""מ מצומת נבות",239944,717016
71,20,31.2,צומת השיטה,39.8,צומת בית שאן (מערב),34.8,"1.39 ק""מ מצומת השיטה",242507,715845
71,28,39.8,צומת בית שאן (מערב),42.2,צומת שאן,41.6,"1.83 ק""מ מצומת בית שאן (מערב)",248546,712881
71,30,42.3,צומת בית שאן-מעוז חיים,48.5,צומת נהר הירדן,42.3,כמאה מטר מצומת תל אישתורי,251831,711015
73,10,0,צומת נהלל,6.3,צומת ברוך,1.1,"1.06 ק""מ מצומת נהלל",219576,732987
73,20,6.3,צומת ברוך,11.6,צומת עדשים,7,"0.72 ק""מ מצומת ברוך",223143,729663
75,10,11.9,צומת נצרת (צפון  קישלה),13.8,כניסה לקריית הממשלה,12.3,"0.37 ק""מ מצומת נצרת (צפון  קישלה)",229419,734895
75,30,17.1,צומת נצרת (דרום),20,צומת מגדל העמק,18,"0.23 ק""מ מצומת מגדל העמק",225276,731663
75,40,27.4,צומת נהלל,34.5,צומת השומרים,27.6,כמאתיים מטר מצומת נהלל,217252,734394
75,50,34.5,צומת השומרים,39.2,צומת העמקים,38,כמאתיים מטר מצומת העמקים- אחרי 7213,209297,736798
75,60,39.2,צומת העמקים,43.1,מחלף יגור,42.6,"3.4 ק""מ מצומת העמקים",207336,739482
75,70,43.1,מחלף יגור,48.7,צומת קישון,43.2,כמאה מטר מצומת יגור,205936,741219
77,1,41,צומת ישי,49.8,מחלף המוביל,41.1,כמאה מטר מצומת ישי,221272,739142
77,2,49.8,מחלף המוביל,61.2,צומת בית רימון,49.9,כמאה מטר מצומת המוביל,223525,741241
77,10,61.2,צומת בית רימון,67.2,מחלף גולני,67.2,"0.17 ק""מ מצומת גולני",238378,742176
77,20,67.2,מחלף גולני,75.8,צומת פורייה,67.3,כמאה מטר מצומת גולני,240501,742892
77,30,75.8,צומת פורייה,77.6,כניסה למצפה,75.8,כמאה מטר מצומת פוריה,248192,743803
79,1,0,צומת עין אפק,5,מחלף גלעם,4,"1.2 ק""מ מצומת גלעם",212380,748569
85,2,0,צומת תל עכו,7.1,צומת יסיף,3.9,"3.92 ק""מ מצומת תל עכו",211918,757967
85,20,8.1,צומת אחיהוד,19.2,צומת כרמיאל מערב,8.6,"0.47 ק""מ מצומת אחיהוד",216282,757484
85,26,19.2,צומת כרמיאל מערב,21.1,צומת כרמיאל,,,227190,758851
85,28,21.1,צומת כרמיאל,28,צומת רמה מזרח,25,כמאה מטר מצומת חנניה,230660,759326
85,29,28,צומת רמה מזרח,31.5,צומת חנניה,,,238293,759196
85,30,31.5,צומת חנניה,39,צומת נחל עמוד (קדרים),38.8,"1.03 ק""מ מצומת נחל עמוד",244491,757079
85,40,39,צומת נחל עמוד (קדרים),46.1,צומת עמיעד,44.4,"5.43 ק""מ מצומת נחל עמוד (קדרים)",250278,757406
87,10,0,צומת כפר נחום,9.9,צומת בית צידה,1,"1.07 ק""מ מצומת כפר נחום",252104,753208
87,730,11.1,צומת יהודייה,23.5,צומת קצרין,11.2,כמאה מטר  מצומת יהודיה,266717,762588
87,740,23.5,צומת קצרין,26.1,צומת המפלים,23.6,כמאה מטר מצומת קצרין,,
87,750,26.1,צומת המפלים,35.2,צומת בשן,26.2,כמאה מטר מצומת המפלים,273922,766555
89,20,4.6,צומת כברי,16.5,צומת מעונה,4.7,כמאה מטר מצומת כברי,214080,769029
89,30,20.8,צומת חסן,35,צומת חירם,33.3,"1.72 ק""מ מצומת חירם",236758,769917
89,40,35,צומת חירם,44.2,צומת מירון,41.2,"6.2 ק""מ מצומת חירם",241756,768598
89,50,44.2,צומת מירון,48.6,צומת עין זיתים,46.9,"2.67 ק""מ מצומת מירון",244251,766497
89,60,48.6,צומת עין זיתים,59.6,מחלף אליפלט,59.4,כמאתיים מטר מאליפלט,250731,762150
90,30,183,צומת הערבה,206.2,צומת זוהר,183.3,"0.32 ק""מ מצומת הערבה",229699,544297
90,44,242.3,כניסה לעין גדי,256,כניסה למצפה שלם,246,מצפון לעין גדי,237742,597117
90,50,369.3,צומת שדי תרומות,375.3,צומת טירת צבי,374.8,"0.52 ק""מ מצומת טירת צבי",246976,708793
90,60,375.3,צומת טירת צבי,376.4,כניסה לבית שאן (דרום),376,"0.68 ק""מ מטירת צבי",247327,709966
90,62,376.4,כניסה לבית שאן (דרום),379.6,צומת שאן,378.9,"0.73 ק""מ מצומת שאן",248583,712140
90,64,379.6,צומת שאן,397.7,צומת למנחמיה,380.1,"0.47 ק""מ מצומת שאן",249178,713103
90,66,397.7,צומת למנחמיה,403.8,צומת צמח,402.7,"1.06 ק""מ מצומת צמח",255169,733490
90,70,403.8,צומת צמח,406.5,צומת כנרת,406.3,"0.15 ק""מ מצומת כנרת",253745,736260
90,80,406.5,צומת כנרת,414.9,צומת טבריה,413.5,"1.38 ק""מ מצומת טבריה",251344,742583
90,90,414.9,צומת טבריה,427.3,צומת כפר נחום,421.1,"6.17 ק""מ מצומת טבריה",248198,748778
90,91,427.3,צומת כפר נחום,433.1,צומת כורזים,430,"2.66 ק""מ מצומת כפר נחום",252183,755000
90,92,433.1,צומת כורזים,434.5,צומת עמיעד,434.1,"0.42 ק""מ מצומת עמיעד",251388,757436
90,94,434.5,צומת עמיעד,440.3,צומת ראש פינה,434.6,כמאה מטר מצומת עמיעד,251201,758755
90,100,440.3,צומת ראש פינה,443.5,צומת מחניים,443.4,כמאה מטר מצומת מחניים,252438,765029
90,108,443.5,צומת מחניים,458.4,"צומת כ""ח",458.3,כמאה מטר מצומת מחניים,252984,766598
90,110,458.4,"צומת כ""ח",470.6,צומת המצודות,458.5,כמאה מטר מצומת כח,253692,781475
92,10,1.6,צומת מעגן,16.8,צומת כורסי,1.8,כמאתיים מטר מצומת מעגן,256924,734375
92,720,16.8,צומת כורסי,23.2,צומת מעלה גמלא,23.1,"6.29 ק""מ מצומת כורסי",262057,754200
92,730,23.2,צומת מעלה גמלא,26.1,צומת יהודייה,23.3,"0.14 ק""מ מצומת מעלה גמלא",262158,754402
98,10,0,צומת צמח,1.6,צומת מעגן,0.1,"0.66 ק""מ מצומת צמח",255995,734586
98,20,1.6,צומת מעגן,8.1,צומת חמת גדר,1.9,"0.31 ק""מ מצומת מעגן",256993,734094
99,10,0,צומת המצודות,5.6,צומת חורשת טל,0.1,כמאה מטר מצומת המצודות,256856,792242
222,10,150.2,צומת משאבים,184.1,צומת צאלים,150.3,כמאה מטר מצומת משאבים שדה,172715,551897
222,20,184.1,צומת צאלים,196,צומת גבולות,184.2,כמאה מטר ממצומת גבולות,150246,570666
232,10,0,צומת מעבר רפיח,27.1,צומת מעון,21.7,"5.37 ק""מ מצומת מעון",145660,575429
232,20,27.1,צומת מעון,47.8,צומת סעד-בארי,47.4,"0.4 ק""מ מצומת סעד",155686,597097
232,30,48,צומת סעד,56.3,צומת שער הנגב,55.9,"0.40 ק""מ מצומת שער הנגב",160527,601829
232,32,56.3,צומת שער הנגב,59.7,צומת איבים,56.4,כמאה מטר מצומת  גבים,160964,601991
232,40,59.7,צומת איבים,65.1,צומת חלץ,63.1,"3.4 ק""מ מצומת איבים",164962,607070
232,60,75,צומת גבעתי,78.8,צומת הודיה,78.5,"0.29 ק""מ מצומת הודיה",167104,621077
232,70,78.8,צומת הודיה,84,צומת אשכולות,83.8,"0.25 ק""מ מצומת אשכולות",165711,625777
234,10,0,צומת צאלים,23.2,צומת רעים,22.9,300 מטר מצומת רעים,148110,588432
240,10,0,צומת חולית,3.1,כניסה למחסום סופה,0.3,"0.29 ק""מ מצומת חולית",136696,571170
241,2,0,צומת מעון,8.5,צומת אורים,0.3,"0.34 ק""מ מצומת מעון",146917,580409
241,10,8.5,צומת אורים,17.6,כניסה לאופקים,16.9,"0.74 ק""מ מכניסה לאופקים",163124,581112
241,20,17.6,כניסה לאופקים,21.3,צומת גילת,20.6,"3.06 ק""מ מכניסה לאופקים",166464,582720
242,10,8.7,צומת כיסופים,11.5,צומת גמה,11.4,כמאה מטר מצומת גמה,147253,587952
258,10,0,צומת צפית,22.4,צומת חתרורים,22.3,כמאה מטר מצומת צפית,220005,553379
293,10,0,צומת הגדי,18,מחלף קמה,0.2,"0.24 ק""מ מצומת הגדי",162919,591795
325,10,0,מחלף דבירה,10.3,כניסה ללהב,0.2,כמאתיים מטר מצומת דביר,186494,588425
334,10,13.5,צומת איבים,30.3,צומת שדה צבי,13.6,כמאה מטר מצומת אבים,170808,600322
352,2,0,צומת חלץ,9.1,צומת ניר חן,0.2,"1.58 ק""מ מצומת חלץ",167701,608878
352,10,9.1,צומת ניר חן,12.8,צומת נהורה,12.4,"3.31 ק""מ מצומת ניר חן",171531,616992
353,10,0,צומת קוממיות,24,כניסה ללי און,0.1,כמאה מטר מצומת קוממויות,183839,615162
353,20,24,כניסה ללי און,24.5,צומת לי און,24.2,"0.28 ק""מ מצומת לי און",193902,620168
367,10,0,צומת עציונה,8.5,צומת כפר צוריף,0.3,"0.27 ק""מ מצומת עציונה",200232,621400
375,10,0,צומת האלה,5.4,צומת עציונה,0.1,"1.6 ק""מ מצומת האלה",198489,621296
375,12,5.4,צומת עציונה,17.1,כניסה למבוא ביתר,6.9,"1.54 ק""מ מצומת עציונה",201238,622819
383,10,0,צומת כפר מנחם,18.4,צומת תל עזקה,0.3,"0.35 ק""מ מצומת כפר מנחם",180610,629714
386,9,0,צומת צור הדסה,15.8,צומת אבן ספיר,13.2,"2.58 ק""מ מצומת אבן ספיר",212509,630666
386,10,15.8,צומת אבן ספיר,16.3,צומת כרם,16,"0.25 ק""מ מצומת אבן ספיר",214566,630902
386,20,16.3,צומת כרם,18.5,כניסה לרח המעיין,16.7,כמאתיים מטר אחרי צומת כרם,215401,633491
395,10,0,צומת אשתאול,11.6,כניסה לגבעת יערים,0.2,"0.23 ק""מ מצומת אשתאול",201211,631524
395,20,11.6,כניסה לגבעת יערים,14.5,צומת הר איתן - סטף,14.3,"2.74 ק""מ מכניסה לגבעת יערים",212280,631690
395,30,14.5,צומת הר איתן - סטף,18,צומת כרם,17.8,"0.17 ק""מ מצומת כרם",214670,630975
396,10,0,צומת אבן ספיר,2,כניסה לאורה,0.1,"0.06 ק""מ מצומת אבן ספיר",214302,630841
402,10,0,צומת עדנים,2.1,כניסה לירקונה,0.2,"0.24 ק""מ מצומת עדנים",190845,670875
402,20,2.1,כניסה לירקונה,5.4,צומת כפר סבא,4.7,"2.62 ק""מ מכניסה לירקונה",190147,675104
402,30,5.4,צומת כפר סבא,5.8,צומת רעננה,5.7,"0.30 ק""מ מצומת כפר סבא",189799,675951
404,810,0,צומת עטרות,8,מחלף יגאל,0.4,"0.36 ק""מ מצומת עטרות",220020,640201
406,20,188.7,כניסה לבאר שבע (צפון),193.3,צומת גורל,190,"1.28 ק""מ מכניסה לבאר שבע (צפון)",180158,576864
411,4,0,צומת רחובות מערב,0.2,צומת כפר גבירול,0.2,"1.68 ק""מ מצומת רחובות מערב",178733,644202
411,8,2,צומת כפר גבירול,9.9,צומת ברנר,2.3,300 מטר מצומת כפר גבירול,179217,643854
411,18,13.6,כניסה למזכרת בתיה,21,צומת חולדה,13.7,100 מטר מכניסה למזכרת בתיה,185079,639123
412,10,0,"צומת ביל""ו",1.6,כניסה לרחובות דרך הפרדסים,0.1,כמאה מטר אחרי צומת בילו,183008,642526
412,20,4,מפגש עם מסילת ברזל,5.5,צומת נס ציונה,3.4,"1.44 ק""מ ממפגש עם מסילת ברזל",181170,647275
412,30,6.8,צומת נס ציונה (צפון),8.4,מחלף ראשונים,6.6,"0.75 ק""מ מצומת נס ציונה (צפון)",181281,649997
412,40,8.4,מחלף ראשונים,14.4,צומת בית דגן,13.5,"4.87 ק""מ ממחלף ראשונים",182759,655889
412,50,14.4,צומת בית דגן,16.1,מחלף שפירים,15.6,"1.19 ק""מ מצומת בית רבן",184235,657017
412,60,16.1,מחלף שפירים,18.9,כניסה לאור יהודה (מערב),17,"0.96 ק""מ ממחלף שפירים",185363,657799
412,68,18.9,כניסה לאור יהודה (מערב),21,צומת יהוד (מערב),20,כמאה מטר מצומת יהוד,188538,659145
424,2,0,צומת חטיבה שבע,5.2,כניסה לשעלבים,0.5,"0.47 ק""מ מצומת חטיבה שבע",197824,638419
424,6,5.2,כניסה לשעלבים,7.8,כניסה לגזר,5.3,מאה מטר מכניסה לשעלבים,215061,633352
424,10,7.8,כניסה לגזר,12.8,צומת גזר,10.9,"5.72 ק""מ מכניסה לגזר",190912,645831
425,10,0,מחלף קריית יערים,2.1,כניסה למעלה החמישה,1,"0.10 ק""מ מצומת קרית יערים",208749,634311
431,6,9.5,מחלף מבוא איילון,10.5,מחלף קריית ראשון,10,נתונים מגלאי,,
431,10,10.5,מחלף קריית ראשון,11.6,מחלף ראשון דרום,11,נתונים מגלאי,,
431,20,11.6,מחלף ראשון דרום,12.6,מחלף עין הקורא,12,נתונים מגלאי,,
431,30,12.6,מחלף עין הקורא,14.3,מחלף ראשונים,13,כמאה מטר מצומת עין הקורא,,
431,40,14.3,מחלף ראשונים,16.3,מחלף נס ציונה,15,נתונים מגלאי,,
431,43,16.3,מחלף נס ציונה,21.6,מחלף רמלה דרום,20,נתונים מגלאי,,
431,46,21.6,מחלף רמלה דרום,24.5,מחלף נשרים,23.5,נתונים מגלאי,,
431,50,24.5,מחלף נשרים,29,מחלף ענבה,28,נתונים מגלאי,,
431,70,29,מחלף ענבה,42,כניסה למודיעין-מכבים-רעות,22,באמצע הכביש,,
436,810,0,צומת שמואל,5.8,צומת גבעת זאב,0.1,"0.12 ק""מ מצומת שמואל",217921,637342
443,10,1.5,צומת גינתון,4.6,צומת בן שמן-מצבה,1.5,כמאה מטר מצומת גינתון,191514,651580
443,20,4.6,צומת בן שמן-מצבה,10.1,כניסה למבוא מודיעים,5.1,"0.33 ק""מ מצומת בן שמן- מצבה",194607,651062
443,30,10.1,כניסה למבוא מודיעים,14,צומת שילת,10.5,"חצי ק""מ ממבוא מודיעים",199521,648412
443,832,16.2,צומת מכבים-רעות,31,צומת גבעת זאב,16.5,"0.31 ק""מ מצומת מכבים- רעות",202895,645372
444,10,4.3,צומת בן שמן-מצבה,6.9,צומת נבלט,6.8,כמאה מטר מצומת נבלט,194509,651426
444,20,6.9,צומת נבלט,13.5,"צומת גבעת כ""ח",7.1,"0.19 ק""מ מצומת נבלט",195590,654752
444,22,13.5,"צומת גבעת כ""ח",15.5,כניסה לאלעד,15.4,על יד קיבוץ נחשונים,194838,661946
444,26,15.5,כניסה לאלעד,21.5,צומת ראש העין,18.4,"2.88 ק""מ מכניסה לאלעד",195594,665441
444,30,21.5,צומת ראש העין,23.1,מחלף קסם,21.5,כמאתיים מטר מצומת ראש העין,194151,667886
444,32,23.1,מחלף קסם,26.6,צומת חורשים,27.8,עליד שדי חמד,194620,671687
444,34,26.6,צומת חורשים,29.1,צומת נווה ימין,27.3,"0.66 ק""מ מצומת חורשים",195262,673136
444,40,34.2,צומת אייל,37,צומת טירה,34.3,כמאה מטר מצומת אייל,198262,680611
444,42,37,צומת טירה,41.5,צומת טייבה,38.3,על יד צור נתן,198880,682376
444,44,41.5,צומת טייבה,42.8,צומת שער אפרים,42,כמאה מטר מצומת שער אפרים,200739,687176
446,10,0,צומת שילת,1.5,כניסה ללפיד,0.8,מאה מטר מאיזור תעשיה שילת,,
453,10,0,צומת אל על,4.8,צומת נבלט,0.1,כמאה מטר מצומת אל על,191864,654688
461,10,2.6,"יישוב ת""א דרך הטייסים",4.3,מחלף מסובים,2.7,"0.09 ק""מ מיישוב ת""א דרך הטייסים",182666,661282
461,20,4.3,מחלף מסובים,5.9,צומת השומר,4.6,"0.29  ק""מ ממחלף מסובים",184431,660511
461,40,9.4,צומת יהוד (מערב),10,כניסה ליהוד,9.5,כשלש מאות מטר מצומת יהוד,189582,659310
465,10,0,"צומת גבעת כ""ח",6.5,כניסה לרנתיס,0.2,"0.28 ק""מ מצומת גבעת כ""ח",196256,660196
471,5,0,מחלף בר אילן,0.5,צומת בר אילן (רמת אילן),0.2,ליד הצומת,184813,663441
471,10,6.1,מחלף שערייה (צפון),9,מחלף נחשונים,6.6,"0.5 ק""מ מצומת שערייה (צפון)",191260,663906
471,20,9,מחלף נחשונים,9.8,צומת נחשונים,9.6,"0.65 ק""מ ממחלף נחשונים",194687,663986
483,10,0,צומת גנים,3.6,צומת ראש העין,3,"ליד מקורות ראש העין (ק""מ 3)",192752,667641
553,10,0,מחלף פולג,5.7,מחלף דרור,5.5,כמאתיים מטר מצומת דרור,189003,684723
553,20,5.7,מחלף דרור,8.8,צומת תל מונד,6.6,"0.88 ק""מ מצומת דרור",190752,685087
553,22,8.8,צומת תל מונד,12.8,כניסה לעזריאל,9,"0.21 ק""מ מצומת תל מונד",194793,685280
554,10,0,צומת כפר סבא,3.5,צומת בית ברל,2,"כשני ק""מ מצומת כפר סבא",191714,677817
554,12,3.5,צומת בית ברל,8,כניסה לטירה,4,"0.49 ק""מ מצומת בית ברל",192537,678804
554,18,8,כניסה לטירה,11.9,צומת טירה,11.8,כמאה מטר מצומת טירה,198606,682080
562,10,0,צומת קדימה,4.2,כניסה לצורן,0.4,"0.41 ק""מ מצומת קדימה",192396,685705
574,2,4.9,צומת בחן,11.3,כניסה לבאקה אל-גרבייה,8,על יד הכניסה למגל,204140,699002
574,20,16.7,צומת נרבתה,20.1,צומת משמר הגבול,18.2,"1.45 ק""מ מצומת נרבתה",202092,707869
581,10,4,"צומת הרא""ה",15.2,כניסה למגל,4.3,"0.26 ק""מ מצומת הרא""ה",191382,700010
650,10,0,צומת אלון (שמורת אלון),3.2,צומת תל צבי,0.1,"0.14 ק""מ מצומת אלון",196733,706493
651,10,0,צומת קיט ושיט,8.1,צומת איטונג,3.2,כמאה מטר מצומת  פלים,194718,709538
652,3,0,צומת שפיה,1,כניסה לזכרון יעקב (ישן),0.3,300 מטר מצומת שפייה,205813,708116
652,5,1,כניסה לזכרון יעקב (ישן),3,כניסה לרמת בית צבי,1.1,"0.35 ק""מ מכניסה לזכרון יעקב",197005,720130
652,20,3,כניסה לרמת בית צבי,3.6,כניסה לרננים,3.1,"0.83 ק""מ מכניסה לרמת בית צבי",196418,718706
652,30,3.6,כניסה לרננים,9.2,יישוב בנימינה,6.8,"3.18 ק""מ מכניסה לרננים",195399,715503
652,38,9.2,יישוב בנימינה,10.1,צומת עדה,9.7,"0.55 ק""מ מיישוב בנימינה",195974,713065
652,40,10.1,צומת עדה,13.7,צומת איטונג,10.6,"0.49 ק""מ מצומת עדה",196489,712498
652,48,13.7,צומת איטונג,14.8,צומת תל צבי,13.8,"0.14 ק""מ מצומת איטונג",197812,709558
652,50,14.8,צומת תל צבי,16.5,צומת חנה,16.2,"1.41 ק""מ מצומת תל צבי",198900,707369
653,10,6.9,צומת בנימינה,9,יישוב בנימינה,7,"0.05 ק""מ מצומת בנימינה",193904,713767
653,20,10.1,צומת עדה,17.5,כניסה לרגבים,10.3,"0.19 ק""מ מצומת עדה",196448,713101
654,10,5,צומת שמורת אלוני יצחק,6.9,צומת אביאל,0.1,"0.13 ק""מ משמורת אלוני יצחק",199515,713840
667,10,0,צומת מעלה נורית,27.4,צומת שדי תרומות,0.1,"0.11 ק""מ מצומת מעלה נורית",231629,717692
669,10,0,צומת השיטה,3.7,כניסה לחפציבה,0.1,כמאה מטר מצומת השיטה,241247,716285
669,12,3.7,כניסה לחפציבה,13.3,צומת שלוחות-ניר דוד,12.1,"1.19 ק""מ צומת שלוחות (כביש 90)",246869,709144
671,10,0,כניסה לעפולה (כביש ישן),2.5,יישוב עפולה (לחדרה),0.1,באמצע הכביש הישן,224532,722767
672,10,12.1,כניסה לאבן יצחק,23,מחלף אליקים,22.8,"0.16 ק""מ ממחלף אליקים",206733,726846
672,20,23,מחלף אליקים,32.5,כניסה לדאלית אל-כרמל,23.5,"0.55 ק""מ ממחלף אליקים",205990,727181
672,28,32.5,כניסה לדאלית אל-כרמל,40.1,צומת דמון,40,"0.33 ק""מ מצומת דמון",204258,737802
672,30,40.1,צומת דמון,43.6,יישוב חיפה (לאוניברסיטה),40.2,"0.11 ק""מ מצומת דמון",203871,737833
675,10,0,צומת הסרגל (תענכים),12.6,צומת נבות,0.2,"0.22 ק""מ מצומת הסרגל",222971,721667
716,5,0,צומת יששכר,3.2,צומת נעורה,0.3,"0.31 ק""מ מצומת יששכר",236603,718928
716,10,3.2,צומת נעורה,13.4,צומת לתמרה (צפון),12.5,"0.92 ק""מ מצומת לתמרה",235508,727629
717,20,3.2,צומת נעורה,6.9,כניסה למולדת,3.8,600 מטר מצומת נעורה,237895,720517
721,10,0,מחלף עתלית,1.7,צומת עתלית,0.9,"0.94 ק""מ ממחלף עתלית",196697,735221
721,20,2,צומת אורן,11.3,צומת דמון,2.3,"0.3 ק""מ מצומת אורון",197830,735575
722,10,0,צומת התשבי,5.2,צומת השומרים,0.5," 0.54 ק""מ ממחלף התשבי",210881,731252
752,20,0,מחלף הקריות,5.8,מחלף יגור,5.7,כמאה מטר מצומת יגור,206268,739833
754,12,57.2,כניסה למשהד,60.9,צומת בית רימון,60.6,"3.4 ק""מ מכניסה למשהד",232728,740610
767,10,16,צומת אלומות,19.3,צומת כנרת,16.2,"0.24 ק""מ מצומת אלומות",251755,735733
768,10,0,צומת אלומות,10.4,צומת פורייה,10.2,"0.15 ק""מ מצומת פוריה",246797,743393
781,20,5,צומת כפר אתא,8.3,מחלף גלעם,6.9,"1.89 ק""מ מצומת קרית אתא",211530,747431
781,30,8.3,מחלף גלעם,10.1,צומת אבליים,8.6,"0.35 ק""מ ממחלף גלעם",213018,747650
781,40,10.1,צומת אבליים,19,צומת מורשת,10.9,"0.79 ק""מ מצומת אבליים",215074,747666
784,10,18,צומת יובלים,25,מחלף גשר מוטה גור,18.9,"0.88 ק""מ מצומת יובלים",224982,752705
784,20,25,מחלף גשר מוטה גור,26.2,צומת כרמיאל מערב,26.1,"1.10 ק""מ ממחלף גשר מוטה גור",226569,758480
805,10,0,צומת יבור,23.7,צומת חנא,0.2,"0.22 ק""מ מצומת יבור",217677,755406
807,10,0,צומת מגדל,7.1,צומת נחל צלמון (דרום),0.1,כמאתיים מטר מצומת נחל צלמון,246907,749000
807,20,7,צומת נחל צלמון (צפון),12.3,צומת מע'ר,7.1,כמאה מטר מצומת נחל צלמון,242681,753232
808,720,19.9,צומת דליות,30.3,צומת המפלים,20.5,"0.56 ק""מ מצומת דליות",272860,756353
854,10,0,צומת כרמיאל,20,צומת תפן,0.1,כמאה מטר מצומת תפן,226850,767731
866,10,31.5,צומת חנניה,43.2,צומת מירון,31.8,"0.32 ק""מ מצומת חנניה",238613,759251
869,710,0,צומת מעלה גמלא,16.1,צומת דליות,15.5,"15.52 ק""מ מצומת מעלה גמלא",272630,755715
886,2,39.3,צומת עין זיתים,60.1,צומת רמות נפתלי,39.8,"0.54 ק""מ מצומת עין זיתים",245823,766266
886,20,61.2,צומת מצודת ישע,78.3,כניסה למשגב עם,62,"0.39 ק""מ מצומת מצודת ישע",251687,779984
899,10,0,צומת בצת,3.3,צומת שלומי,1.6,"1.6 ק""מ מצומת בצת",211483,775583
899,16,3.3,צומת שלומי,6.7,צומת אדמית,3.9,"0.59 ק""מ מצומת חניתה",215046,775159
899,20,6.7,צומת אדמית,35,צומת חירם,34.9,כמאה מטר מצומת חירם,225288,775690
899,30,35.3,צומת חירם (דובב),42.8,צומת אביבים (דרום),35.4,כמאתיים מטר מצומת חירם,239245,771727
899,36,42.8,צומת אביבים (דרום),60.4,צומת מצודת ישע,43,ליד צומת אביבים,247651,777522
899,40,60.4,צומת מצודת ישע,64.9,"צומת כ""ח",64.3,"3.77 ק""מ מצומת מצודת ישע",253471,780694
918,30,34.6,צומת שמורת נחל רחום,41,צומת חורשת טל,39.9,כמאה מטר מצומת חורשת טל,261188,789221
977,10,0,צומת גומא,7.3,צומת להבות הבשן,2.1,"2.09 ק""מ מצומת גומא",255508,785644
2200,10,0,כניסה ליבול,4.4,צומת,0,אחרי הצומת לכיוון יבול,138758,568832
2211,10,0,צומת אבשלום,6.7,כניסה לנווה,0.1,מאה מטר מצומת אבשלום,135957,570437
2310,10,10.7,צומת צוחר (מבטחים),14.6,כניסה לשדה ניצן,14,כמאה מטר מצומת מבטחים,143224,574000
2357,10,0,צומת חצרים,6.3,כניסה לחצרים,3.3,"3.31 ק""מ מצומת חצרים",176204,572369
2410,10,0,צומת מעון,8.7,צומת כיסופים,0.4,"0.39 ק""מ מצומת מעון",146256,580645
2414,10,0,צומת אופקים,1.6,כניסה למסלול (מזרח),0.1,כמאה מטר מצומת אופקים,162293,581378
2422,10,0,צומת שוקדה,4,כניסה לשוקדה,0.1,"0.06 ק""מ מצומת שוקדה",158098,595523
2444,10,0,צומת שרשרת,3.8,כניסה לשיבולים (דרום),0.4,"0.44 ק""מ מצומת שרשרת",162233,591477
2499,10,0,צומת נאות הכיכר,8,כניסה לנאות הכיכר,0.2,"0.2 ק""מ מצומת נאות הכיכר",232686,544841
2544,10,0,צומת לתאשור,2.5,כניסה לברוש,0.2,"0.25 ק""מ מצומת לתאשור",165149,585426
2932,10,0,צומת ניר משה,4,כניסה לניר משה,0.4,"0.42 ק""מ מצומת ניר משה",166873,595701
3199,10,0,צומת ערד,20,כניסה למצדה - מערד,0.1,כמאה מטר מצומת ערד,193695,620300
3403,10,0,צומת איתן (אבן שמואל),1.6,כניסה לשלווה ולאחוזם,0.2,"0.17 ק""מ מצומת איתן",177329,609048
3411,10,0,צומת זיקים,4.2,כניסה לזיקים,0.2,"0.18 ק""מ מצומת זיקים",159222,612463
3412,10,0,צומת תלמי יפה,4.3,כניסה לגיאה,0.3,"0.3 ק""מ מצומת תלמי יפה",162258,617953
3413,10,0,צומת ניר חן,1,כניסה לניר חן,0.2,"0.21 ק""מ מצומת ניר חן",172134,613654
3415,10,0,צומת לכיש,10.9,כניסה לאמציה,0.1,כמאה מטר מצומת לכיש,184664,610336
3500,10,0,צומת משען,2.2,צומת ניר ישראל,0.2,"0.09 ק""מ מצומת ניר ישראל",165557,620765
3533,10,0,צומת קוממיות,2,כניסה לרווחה צפון,0.1,כמאה טר מצומת קוממויות,177375,617807
3544,10,0,צומת לי און,0.9,כניסה לגבעת ישעיהו,0.3,"0.33 ק""מ מצומת לי און",194248,620001
3553,10,0,צומת נחלה,1.1,כניסה לסגולה,0.3,"0.30 ק""מ מצומת נחלה",178644,619427
3613,10,0,צומת זרחיה-שפיר,1.4,כניסה לשפיר,0.2,"0.17 ק""מ מצומת זרחיה-שפיר",173661,623589
3631,10,0,צומת כפר הנוער ניצנים,1.4,כניסה לכפר הנוער ניצנים,0.1,כמאה מטר מצומת ניצנים,165666,626118
3703,10,0,צומת טוביה,11.5,כניסה לגן יבנה (דרום),1.5,"1.47 ק""מ מצומת טוביה",175005,626712
3711,10,0,צומת אמונים,3.7,כניסה לעזריקם,0.2,"0.16 ק""מ מצומת אמונים",168239,628955
3712,10,0,צומת לאמונים,2,כניסה לגבעתי,0.2,"1.6 ק""מ מצומת לאמונים",169836,626768
3811,10,0,צומת ביצרון,1,צומת,0.1,"0.04 ק""מ מצומת ביצרון",175092,633829
3835,10,0,צומת צרעה,4.5,כניסה לאכסניה(גבעת שמש),0.1,"0.18 ק""מ מצומת צרעה",198397,629336
3855,10,0,צומת בית שמש (מרכז ביג),2,צומת מחסיה,0.2,"1.52 ק""מ מצומת בית שמש",200049,628863
3855,20,2,צומת מחסיה,8.8,צומת זנוח,2.6,"0.55 ק""מ מצומת מחסיה",200194,627981
3856,10,0,צומת הרטוב,0.2,"כניסה לביח""ר נשר",0,100 מטר מדרך 38,,
3866,10,0,צומת מחסיה,9,צומת נס הרים,8.3,"0.07 ק""מ מצומת נס הרים",200355,628687
3877,10,0,כניסה לאורה,5.6,כניסה ליד קנדי,1.1,"1.13 ק""מ מכניסה לאורה",215184,629351
3922,10,0,צומת חצור אשדוד,3.4,צומת ביצרון,0.3,"0.29 ק""מ מצומת חצור אשדוד",177538,634043
3922,20,3.4,צומת ביצרון,4.9,כניסה לחצור אשדוד,3.5,"0.15 ק""מ מצומת ביצרון",175111,633698
3955,10,0,מחלף שורש,1.4,כניסה לשורש,0.4,"0.39 ק""מ ממחלף שורש",207250,633771
3965,10,13,צומת הר איתן - סטף,16.9,מחלף הראל,13.4,"0.53 ק""מ מצומת הר איתן - סטף",212646,631848
3975,10,0,כניסה למעלה החמישה,2.2,מחלף חמד,2,2.0 מכניסה למעלה חמישה,211816,634250
3985,10,0,צומת מעוז ציון (רח שבע אחיות),2.2,צומת מוצא עילית,0.1,ליד צומת מוצא עילית,214757,633471
4000,10,0,צומת בית רבן,0.9,כניסה לקבוצת יבנה,0.2,"0.15 ק""מ מצומת בית רבן",174620,636329
4101,10,0,צומת כפר מרדכי,1.5,כניסה לכפר מרדכי,0.1,"0.10 ק""מ מצומת כפר מרדכי",175071,637144
4102,10,0,צומת בית רבן,3.8,צומת בן זכאי,0.2,"0.24 ק""מ מצומת בית רבן",174768,636600
4103,10,0,צומת תל נוף,2.8,צומת,0.2,"0.24 ק""מ מצומת תל נוף",179872,638084
4111,10,0,צומת יבנה (צפון),6,כניסה למרכז מחקר,0.3,"0.29 ק""מ מצומת יבנה (צפון)",176230,642976
4233,10,0,צומת נען,2.4,כניסה לרמות מאיר,0.5,"0.54 ק""מ מצומת נען",184805,643491
4243,10,0,צומת פדיה,0.5,כניסה לפדיה,0.1,"0.5 ק""מ מצומת פדיה",189665,641082
4303,10,0,צומת בית עובד,2.7,צומת נס ציונה,1.7,"1.76 ק""מ מצומת בית עובד",180148,647770
4304,10,0,צומת מצליח,0.9,כניסה למצליח,0.2,"0.26 ק""מ מצומת מצליח",187486,647093
4311,3,0,צומת אזור תעשייה,0.5,צומת לגן שורק,0.3,לפני המחלף,,
4311,5,0.5,צומת לגן שורק,1.5,כניסה לנטעים,1.4,נתונים מגלאי,,
4311,10,1.5,כניסה לנטעים,8.6,כניסה לפלמחים (מערב),1.4,"0.04 ק""מ מכניסה לנטעים",178674,650715
4313,10,0,מחלף נס ציונה,6.5,כניסה לצריפין  שער י-ם,2,"כ-2 ק""מ מהצומת עם דרך 214",182990,649939
4313,20,6.5,כניסה לצריפין  שער י-ם,7.4,צומת ניר צבי,7.3,כמאה מטר מצומת ניר צבי,186187,651000
4314,10,0,צומת מודיעים (גימזו),1.9,כניסה לגמזו,0.1,כמאה מטר מצומת מודעים,194059,649409
4402,10,0,"צומת חב""ד",1.5,"כניסה לכפר חב""ד",0.2,"0.19 ק""מ מצומת חב""ד",184870,654242
4404,10,0,צומת גשר לוד (לוד העתיקה),3.6,כניסה לאחיעזר,3.3,"3.32 ק""מ מצומת גשר לוד",188650,654417
4503,10,0,מחלף בן גוריון,1.5,"כניסה לנתב""ג",1.3,"1.3 ק""מ ממחלף בן גוריון",191081,655289
4612,20,0.6,צומת בר אילן (רמת אילן),1.8,כניסה לקריית קריניצי,0.7,כמאה מטר מהכניסה לבר אילן והצומת,185329,663553
4613,10,2,צומת ברקת,4.5,צומת המחצבות,2.2,"0.24 ק""מ מצומת ברקת",193426,658284
4622,10,0,צומת סביון,1.4,כניסה לגני יהודה ולסביון,0.5,כחמש מאות מטר מצומת סביון,187536,660906
4623,10,0,צומת רינתיה-מזור,1.7,כניסה לרינתיה,0.6,"0.59 ק""מ מצומת רינתיה מזור",191815,661666
5050,10,0,צומת כפר קאסם (מערב),6.3,צומת שערי תקווה,4.5,"4.47 ק""מ מצומת כפר קאסם",199629,669690
5112,10,0,צומת לנווה ירק,1.3,כניסה לנווה ירק,0.1,"0.12 ק""מ מצומת לנווה ירק",192282,671614
5443,10,0,צומת נווה ימין (מערב),2.1,צומת נווה ימין,0.1,"0.14 ק""מ מצומת נווה ימין",194431,675817
5503,10,0,צומת בית ברל,0.6,כניסה לבית ברל,0.6,"0.62 ק""מ מצומת בית ברל",192841,678356
5504,10,0,צומת כפר סבא (מזרח),3.4,מחלף אייל,1.2,"1.23 ק""מ מצומת כפר סבא (מזרח)",195631,677432
5504,820,3.5,צומת אייל,6.3,צומת צופין,3.7,"0.2 ק""מ מצומת אייל",,
5511,10,0,צומת בני ציון,2.5,כניסה לבני ציון,1.8,ליד כביש 551 מהכיכר לכיוון בני ציון,188520,680861
5522,10,0,צומת תל מונד,4,כניסה למשמרת,0.3,"0.33 ק""מ מצומת תל מונד",193178,685217
5531,10,0,כניסה לחירות (מזרח),3,כניסה לכפר הס (צפון),0.1,"0.07 ק""מ מהכניסה לחירות",193460,685222
5532,10,0,צומת עין ורד,0.2,כניסה לעין ורד,0.1,"0.14 ק""מ מצומת עין ורד",193662,685425
5533,10,0,צומת צור נתן,2.5,צומת,0.2,"0.22 ק""מ מצומת צור נתן",199485,683113
5611,10,0,מחלף גשר השלום,4.3,כניסה לבית יהושע (צפון),1.5,כמאה מטר מצומת הדסים,188201,687941
5613,10,0,צומת פרדסייה,3.7,כניסה לגאולים,0.5,"0.52 ק""מ מצומת פרדסייה",191383,690072
5613,18,3.7,כניסה לגאולים,7.5,צומת ינוב,7.3,"3.63 ק""מ מכניסה לגאולים",196200,691103
5614,10,0,צומת קלנסווה,5.2,צומת שער אפרים,0.1,כמאה מטר מצומת שער אפרים,198683,690674
5700,10,0,צומת בית יצחק,4.2,צומת כפר חיים,0.3,"0.25 ק""מ מצומת בית יצחק",189804,692312
5702,10,0,כניסה לנורדייה,0.5,צומת נורדייה,,,190689,692272
5704,10,0,צומת בארותיים,0.9,כניסה לבארותיים,0.2,"0.16 ק""מ מצומת בארותיים",199088,691085
5711,10,3,צומת רופין,7.5,כניסה לחניאל,3.6,"0.59 ק""מ מצומת רופין",192122,694490
5714,10,0,צומת ניצני עוז,6.6,צומת בחן,0.1,"0.11 ק""מ מצומת ניצני עוז",200130,691031
5803,10,0,צומת המעפיל,5.8,צומת גן יאשיה,0.3,"0.29 ק""מ מצומת המעפיל",199528,698481
5923,10,0,צומת מצר,2.6,כניסה למצר,0,לא מוגדר,202613,704721
6353,10,0,צומת לאום אל-קוטוף,4.3,כניסה לאום אל-קוטוף,0.1,מאה מטר מכביש 574,202201,708594
6400,10,0,צומת משהד,2.5,כניסה לעין מאהל,0.3,"0.32 ק""מ מצומת משהד",230749,736828
6403,10,16.6,צומת נרבתה,19.7,צומת מנשה,16.8,"0.24 ק""מ מצומת מנשה",201906,706464
6502,10,0,צומת מנשה,2.7,צומת כרכור,2.4,"2.41  ק""מ מצומת מנשה",199476,708165
6511,10,0,צומת אור עקיבא,3.4,כניסה לעתיקות קיסריה,1.7,"1.67 ק""מ מצומת אור עקיבא",192005,712340
6513,10,0,צומת לברטעה (קציר),8.8,צומת אום א- ריחן,0.2,"0.21 ק""מ מצומת לברטעה",206828,711680
6522,10,0,צומת גבעת עדה,0.5,כניסה לאלוני יצחק,0.1," 0.1 ק""מ מצומת גבעת עדה",200568,713237
6533,10,0,צומת אביאל,5.5,כניסה לעמיקם,0.1,כמאה מטר מדרך מצומת אביאל,199540,715929
6666,10,0,צומת למעלה גלבוע,7.5,צומת מצפה גלבוע,0.2,"0.24 ק""מ מצומת למעלה גלבוע",241743,713003
6667,10,8.7,צומת תל שובה,12.8,כניסה לבית שאן רח שאול המלך,10,"0.23 ק""מ מצומת תל שובה",244055,711702
6678,10,0,צומת טירת צבי,5.2,כניסה לשדה אליהו,0.3,"0.25 ק""מ מצומת טירת צבי",247266,709298
6688,10,0,צומת מעוז חיים,4.5,כניסה לכפר רופין,0.3,300 מטר מצומת מעוז חיים,252327,711175
6714,10,0,צומת ניר יפה,1.4,כניסה למלאה,0.5,בין צומת גדיש ומלאה,223663,719961
6724,10,0,צומת דבורה,3.1,כניסה לרם און,0.3,"0.32 ק""מ מצומת דבורה",224740,719187
6734,10,0,כניסה ליעל,1.5,כניסה לאביטל,0.1,כמאה מטר מצומת יזרעאל,229210,717610
6954,10,0,צומת רמת השופט,1.9,כניסה לעין השופט,0.1,מאה מטר מצומת רמת השופט,209258,723525
7011,10,0,צומת נחשולים,2.9,כניסה לנחשולים,0.4,"0.36 ק""מ מצומת נחשולים",195326,723736
7021,10,0,צומת עופר,2,"כניסה לכרם מהר""ל",0.3,"0.34 ק""מ מצומת עופר",196786,727260
7078,10,11.6,יישוב בית שאן תל סהרון,12.9,צומת בית שאן (מערב),12.3,"0.07 ק""מ מיישוב בית שאן תל סהרון",246832,713092
7079,10,0,צומת בית שאן-נווה איתן,2.2,צומת תל אשתורי,0.2,"1.68 ק""מ מצומת בית שאן נוה איתן",249011,711137
7107,10,0,צומת תל יוסף,0.4,כניסה לבית חיים שטורמן,0.4,"0.37 ק""מ מצומת תל יוסף",237349,717800
7110,10,0,מחלף עתלית,2.5,כניסה לנווה ים,0.8,"0.77 ק""מ ממחלף עתלית",195454,734994
7111,10,0,צומת עין הוד,2.2,כניסה לניר עציון,0.4,"0.42 ק""מ מצומת עין הוד",197752,734182
7155,10,0,צומת מרחביה,1,כניסה לכפר סולם,0.4,בין צומת מרחביה וקיבוץ מרחביה,230130,723536
7212,10,0,צומת מערת נשרים,6.1,צומת נשר,5.8,"5.85 ק""מ מצומת מערת נשרים",205181,741009
7213,10,0,צומת אלרואי,1,כניסה לקרית טבעון,0.2,"0.18 ק""מ מצומת אלרואי",209803,736420
7255,6,14,כניסה לכפר ברוך,17.9,צומת ברוך,17.8,מאה מטר מצומת ברוך,226790,723307
7255,10,17.9,צומת ברוך,20,צומת מ`העמק (כיכר העיר),18.4,"4.38 ק""מ מצומת ברוך",222520,729970
7266,10,0,צומת תבור,5.3,כניסה לשבלי (מערב),0.1,כמאה מטר מצומת תבור,237093,729789
7276,10,0,צומת גזית,7.1,כניסה לגזית,0.3,"0.32 ק""מ מצומת גזית",239177,731306
7513,10,5.8,צומת אלונים,11.8,כניסה לבית לחם הגלילית,6.5,"0.66 ק""מ מצומת אלונים",213760,735443
7555,10,0,צומת מ`העמק (כיכר העיר),2.5,צומת מגדל העמק מערב,0.3,"0.29 ק""מ מצומת מ'העמק (כיכר העיר)",221781,733031
7579,10,0,צומת לבית זרע,0.6,כניסה לבית זרע,0.2,200 מטר מצומת לבית זרע,254789,732666
7589,10,0,צומת מסדה,1.3,כניסה למסדה,0.5,בין צומת מסדה למסדה,256105,732410
7626,10,0,צומת נהלל,10,כניסה לכעביה,0.1,"0.08 ק""מ מצומת נהלל",219869,734106
7677,10,0,צומת פורייה עילית,6.3,צומת האכסניה,0.1,"0.50 ק""מ מצומת פורייה עילית",251144,738121
7703,10,0.6,צומת אושה,1.9,כניסה לכפר המכבי,1,"0.90 ק""מ מצומת אושה",210489,744661
7707,10,0,צומת לביא,1,כניסה להודיות,0.4,כניסה ללביא,230766,737844
7717,10,0,צומת כפר חיטים,6.7,כניסה לקבר יתרו,0.2,כמאתיים מטר מצומת כפר חיטים,245469,745286
7926,10,0,צומת ציפורי,1.3,כניסה לציפורי,0.3,300 מטר מצומת ציפורי,225998,737666
8077,10,0,צומת חוקוק,3.8,כניסה לרמות לבנים,0.1,כמאה מטר מצומת חוקוק,250027,752473
8177,10,0,צומת מנזר הר נחום,1,כניסה למנזר הר נחום,0.2,200 מטר מצומת מנזר הר נחום,252232,754808
8277,10,0,צומת כורזים,8.1,צומת אלמגור,0.2,200 מצומת כורזים,251749,756646
8611,10,0,צומת רגבה,1.3,כניסה לרגבה (צפון),0.2,"0.19 ק""מ מצומת רגבה",209416,764804
8677,10,0,צומת כפר הנשיא,4.2,כניסה לטובא,0.2,200 מצומת כפר הנשיא,252173,763897
8900,10,48.6,צומת עין זיתים,52.2,צומת צפת,49,"0.38 ק""מ מצומת עין זיתים",245655,765913
8911,10,0,צומת עבדון,5,כניסה למנות,,,218263,771415
8933,10,18.2,צומת אבן מנחם,27.2,צומת הר בירנית,18.4,200 מטר מצומת אבן מנחם,227042,775681
8944,10,0,צומת אלקוש,9.9,צומת בירנית,0.1,כמאה מטר מצומת אלקוש,230800,769729
8966,12,5.8,צומת אביבים (דרום),8.4,צומת ריחאנייה,6,200 מטר מצומת אביבים,244240,773448
9778,10,0,צומת כפר בלום,3.3,צומת שדה נחמיה,0.1,כמאה מטר מהצומת כפר בלום,257267,786958
9779,2,0,צומת קריית שמונה,5.1,צומת שדה נחמיה,4,"3.97 ק""מ מצומת קריית שמונה",256533,788623
9779,10,5.1,צומת שדה נחמיה,8.2,צומת שמורת נחל רחום,8,"בק""מ  8",258601,787289
9888,10,0,צומת בית הלל,4,צומת הגושרים,0.1,כמאה מטר מצומת בית הלל,257083,790341
